Location,Name,Frequency,Duplex,Offset,Tone,rToneFreq,cToneFreq,DtcsCode,DtcsPolarity,RxDtcsCode,CrossMode,Mode,TStep,Skip,Power,Comment,URCALL,RPT1CALL,RPT2CALL,DVCODE
0,Calling,146.520000,,0.000000,,88.5,88.5,023,NN,023,Tone->Tone,NFM,5.00,,5.0W,national simplex calling,,,,
1,APRS,144.390000,,0.000000,,88.5,88.5,023,NN,023,Tone->Tone,NFM,5.00,,5.0W,APRS,,,,
2,Simplex 55,146.550000,,0.000000,,88.5,88.5,023,NN,023,Tone->Tone,NFM,5.00,,5.0W,,,,,
3,Evening net,147.180000,,0.000000,DTCS,88.5,88.5,023,NN,023,Tone->Tone,NFM,5.00,,5.0W,weekly net,,,,
4,Club repeater,146.940000,-,0.600000,Tone,127.3,127.3,023,NN,023,Tone->Tone,FM,5.00,,50W,club repeater,,,,
5,70cm calling,446.000000,,0.000000,,88.5,88.5,023,NN,023,Tone->Tone,NFM,5.00,,5.0W,national simplex calling,,,,
6,70cm simplex 2,446.025000,,0.000000,,88.5,88.5,023,NN,023,Tone->Tone,NFM,5.00,,5.0W,,,,,
7,70cm simplex 3,446.050000,,0.000000,,88.5,88.5,023,NN,023,Tone->Tone,NFM,5.00,,5.0W,,,,,
8,Ridge UHF,442.100000,+,5.000000,Tone,100.0,100.0,023,NN,023,Tone->Tone,FM,5.00,,50W,,,,,
9,Harbor UHF,442.225000,+,5.000000,Tone,103.5,103.5,023,NN,023,Tone->Tone,FM,5.00,,50W,,,,,
10,Summit UHF,442.300000,+,5.000000,Tone,88.5,88.5,023,NN,023,Tone->Tone,FM,5.00,,50W,,,,,
11,Valley UHF,442.425000,+,5.000000,Tone,110.9,110.9,023,NN,023,Tone->Tone,FM,5.00,,50W,,,,,
12,Mesa UHF,442.550000,+,5.000000,Tone,123.0,123.0,023,NN,023,Tone->Tone,FM,5.00,,50W,,,,,
13,Bayside UHF,442.675000,+,5.000000,Tone,114.8,114.8,023,NN,023,Tone->Tone,FM,5.00,,50W,,,,,
14,EOC UHF,442.800000,+,5.000000,Tone,100.0,100.0,023,NN,023,Tone->Tone,FM,5.00,,50W,,,,,
15,Hilltop UHF,442.925000,+,5.000000,Tone,85.4,85.4,023,NN,023,Tone->Tone,FM,5.00,,50W,,,,,
16,Airport UHF,443.050000,+,5.000000,Tone,131.8,131.8,023,NN,023,Tone->Tone,FM,5.00,,50W,,,,,
17,Lakeside UHF,443.175000,+,5.000000,Tone,107.2,107.2,023,NN,023,Tone->Tone,FM,5.00,,50W,,,,,
18,Downtown UHF,443.300000,+,5.000000,Tone,156.7,156.7,023,NN,023,Tone->Tone,FM,5.00,,50W,,,,,
19,Canyon UHF,443.425000,+,5.000000,Tone,94.8,94.8,023,NN,023,Tone->Tone,FM,5.00,,50W,,,,,
20,Coastal UHF,443.550000,+,5.000000,Tone,136.5,136.5,023,NN,023,Tone->Tone,FM,5.00,,50W,,,,,
21,Foothill UHF,443.675000,+,5.000000,Tone,123.0,123.0,023,NN,023,Tone->Tone,FM,5.00,,50W,,,,,
22,Peak UHF,443.800000,+,5.000000,Tone,173.8,173.8,023,NN,023,Tone->Tone,FM,5.00,,50W,,,,,
23,Fair UHF,443.925000,+,5.000000,Tone,162.2,162.2,023,NN,023,Tone->Tone,FM,5.00,,50W,,,,,
24,Link UHF,444.050000,+,5.000000,Tone,141.3,141.3,023,NN,023,Tone->Tone,FM,5.00,,50W,,,,,
25,Metro UHF,444.175000,+,5.000000,Tone,151.4,151.4,023,NN,023,Tone->Tone,FM,5.00,,50W,,,,,
26,UHF DCS,444.300000,+,5.000000,DTCS,88.5,88.5,071,NN,071,Tone->Tone,FM,5.00,,50W,,,,,
27,UHF TSQL,444.425000,+,5.000000,TSQL,100.0,100.0,023,NN,023,Tone->Tone,FM,5.00,,50W,,,,,
28,Cross UHF,444.550000,+,5.000000,Cross,88.5,88.5,754,NN,754,DTCS->Tone,FM,5.00,,50W,,,,,
29,70cm simplex 4,446.075000,,0.000000,,88.5,88.5,023,NN,023,Tone->Tone,NFM,5.00,,5.0W,,,,,
30,GMRS 1,462.562500,,0.000000,,88.5,88.5,023,NN,023,Tone->Tone,FM,5.00,,5.0W,,,,,
31,GMRS 2,462.587500,,0.000000,,88.5,88.5,023,NN,023,Tone->Tone,FM,5.00,,5.0W,,,,,
32,GMRS 3,462.612500,,0.000000,,88.5,88.5,023,NN,023,Tone->Tone,FM,5.00,,5.0W,,,,,
33,GMRS 4,462.637500,,0.000000,,88.5,88.5,023,NN,023,Tone->Tone,FM,5.00,,5.0W,,,,,
34,GMRS 5,462.662500,,0.000000,,88.5,88.5,023,NN,023,Tone->Tone,FM,5.00,,5.0W,,,,,
35,GMRS 6,462.687500,,0.000000,,88.5,88.5,023,NN,023,Tone->Tone,FM,5.00,,5.0W,,,,,
36,GMRS 7,462.712500,,0.000000,,88.5,88.5,023,NN,023,Tone->Tone,FM,5.00,,5.0W,,,,,
37,GMRS 8,467.562500,,0.000000,,88.5,88.5,023,NN,023,Tone->Tone,NFM,5.00,,0.5W,,,,,
38,GMRS 9,467.587500,,0.000000,,88.5,88.5,023,NN,023,Tone->Tone,NFM,5.00,,0.5W,,,,,
39,GMRS 10,467.612500,,0.000000,,88.5,88.5,023,NN,023,Tone->Tone,NFM,5.00,,0.5W,,,,,
40,GMRS 11,467.637500,,0.000000,,88.5,88.5,023,NN,023,Tone->Tone,NFM,5.00,,0.5W,,,,,
41,GMRS 12,467.662500,,0.000000,,88.5,88.5,023,NN,023,Tone->Tone,NFM,5.00,,0.5W,,,,,
42,GMRS 13,467.687500,,0.000000,,88.5,88.5,023,NN,023,Tone->Tone,NFM,5.00,,0.5W,,,,,
43,GMRS 14,467.712500,,0.000000,,88.5,88.5,023,NN,023,Tone->Tone,NFM,5.00,,0.5W,,,,,
44,GMRS 15,462.550000,,0.000000,,88.5,88.5,023,NN,023,Tone->Tone,FM,5.00,,5.0W,,,,,
45,GMRS 16,462.575000,,0.000000,,88.5,88.5,023,NN,023,Tone->Tone,FM,5.00,,5.0W,,,,,
46,GMRS 17,462.600000,,0.000000,,88.5,88.5,023,NN,023,Tone->Tone,FM,5.00,,5.0W,,,,,
47,GMRS 18,462.625000,,0.000000,,88.5,88.5,023,NN,023,Tone->Tone,FM,5.00,,5.0W,,,,,
48,GMRS 19,462.650000,,0.000000,,88.5,88.5,023,NN,023,Tone->Tone,FM,5.00,,5.0W,,,,,
49,GMRS 20,462.675000,,0.000000,,88.5,88.5,023,NN,023,Tone->Tone,FM,5.00,,5.0W,,,,,
50,GMRS 21,462.700000,,0.000000,,88.5,88.5,023,NN,023,Tone->Tone,FM,5.00,,5.0W,,,,,
51,GMRS 22,462.725000,,0.000000,,88.5,88.5,023,NN,023,Tone->Tone,FM,5.00,,5.0W,,,,,
52,WX1,162.550000,,0.000000,,88.5,88.5,023,NN,023,Tone->Tone,FM,5.00,,5.0W,NOAA weather radio,,,,
53,WX2,162.400000,,0.000000,,88.5,88.5,023,NN,023,Tone->Tone,FM,5.00,,5.0W,NOAA weather radio,,,,
54,WX3,162.475000,,0.000000,,88.5,88.5,023,NN,023,Tone->Tone,FM,5.00,,5.0W,NOAA weather radio,,,,
55,WX4,162.425000,,0.000000,,88.5,88.5,023,NN,023,Tone->Tone,FM,5.00,,5.0W,NOAA weather radio,,,,
56,WX5,162.450000,,0.000000,,88.5,88.5,023,NN,023,Tone->Tone,FM,5.00,,5.0W,NOAA weather radio,,,,
57,WX6,162.500000,,0.000000,,88.5,88.5,023,NN,023,Tone->Tone,FM,5.00,,5.0W,NOAA weather radio,,,,
58,WX7,162.525000,,0.000000,,88.5,88.5,023,NN,023,Tone->Tone,FM,5.00,,5.0W,NOAA weather radio,,,,
59,MURS 1,151.820000,,0.000000,,88.5,88.5,023,NN,023,Tone->Tone,NFM,5.00,,2.0W,,,,,
60,MURS 2,151.880000,,0.000000,,88.5,88.5,023,NN,023,Tone->Tone,NFM,5.00,,2.0W,,,,,
61,MURS 3,151.940000,,0.000000,,88.5,88.5,023,NN,023,Tone->Tone,NFM,5.00,,2.0W,,,,,
62,MURS 4,154.570000,,0.000000,,88.5,88.5,023,NN,023,Tone->Tone,FM,5.00,,2.0W,,,,,
63,MURS 5,154.600000,,0.000000,,88.5,88.5,023,NN,023,Tone->Tone,FM,5.00,,2.0W,,,,,
64,Marine 16,156.800000,,0.000000,,88.5,88.5,023,NN,023,Tone->Tone,FM,5.00,,1.0W,,,,,
65,Marine 9,156.450000,,0.000000,,88.5,88.5,023,NN,023,Tone->Tone,FM,5.00,,1.0W,,,,,
66,Marine 13,156.650000,,0.000000,,88.5,88.5,023,NN,023,Tone->Tone,FM,5.00,,1.0W,,,,,
67,Marine 22A,157.100000,,0.000000,,88.5,88.5,023,NN,023,Tone->Tone,FM,5.00,,1.0W,,,,,
68,Marine 6,156.300000,,0.000000,,88.5,88.5,023,NN,023,Tone->Tone,FM,5.00,,1.0W,,,,,
69,Marine 68,156.425000,,0.000000,,88.5,88.5,023,NN,023,Tone->Tone,FM,5.00,,1.0W,,,,,
70,Marine 69,156.475000,,0.000000,,88.5,88.5,023,NN,023,Tone->Tone,FM,5.00,,1.0W,,,,,
71,Marine 72,156.625000,,0.000000,,88.5,88.5,023,NN,023,Tone->Tone,FM,5.00,,1.0W,,,,,
72,Marine 14,156.700000,,0.000000,,88.5,88.5,023,NN,023,Tone->Tone,FM,5.00,,1.0W,,,,,
73,AIS 1,161.975000,,0.000000,,88.5,88.5,023,NN,023,Tone->Tone,FM,5.00,,1.0W,,,,,
74,AIS 2,162.025000,,0.000000,,88.5,88.5,023,NN,023,Tone->Tone,FM,5.00,,1.0W,,,,,
75,Granite,442.025000,+,5.000000,Tone,100.0,100.0,023,NN,023,Tone->Tone,FM,5.00,,50W,,,,,
76,Oakridge,442.175000,+,5.000000,Tone,103.5,103.5,023,NN,023,Tone->Tone,FM,5.00,,50W,,,,,
77,Pinecrest,442.250000,+,5.000000,Tone,107.2,107.2,023,NN,023,Tone->Tone,FM,5.00,,50W,,,,,
78,Redwood,442.325000,+,5.000000,Tone,110.9,110.9,023,NN,023,Tone->Tone,FM,5.00,,50W,,,,,
79,Seaview,442.400000,+,5.000000,Tone,114.8,114.8,023,NN,023,Tone->Tone,FM,5.00,,50W,,,,,
80,Highland,442.475000,+,5.000000,Tone,118.8,118.8,023,NN,023,Tone->Tone,FM,5.00,,50W,,,,,
81,Riverside,442.625000,+,5.000000,Tone,123.0,123.0,023,NN,023,Tone->Tone,FM,5.00,,50W,,,,,
82,Westgate,442.700000,+,5.000000,Tone,127.3,127.3,023,NN,023,Tone->Tone,FM,5.00,,50W,,,,,
83,Northpoint,442.775000,+,5.000000,Tone,131.8,131.8,023,NN,023,Tone->Tone,FM,5.00,,50W,,,,,
84,Elmwood,442.850000,+,5.000000,Tone,136.5,136.5,023,NN,023,Tone->Tone,FM,5.00,,50W,,,,,
85,Cedar,443.000000,+,5.000000,Tone,141.3,141.3,023,NN,023,Tone->Tone,FM,5.00,,50W,,,,,
86,Birchwood,443.075000,+,5.000000,Tone,146.2,146.2,023,NN,023,Tone->Tone,FM,5.00,,50W,,,,,
87,Marina,443.150000,+,5.000000,Tone,151.4,151.4,023,NN,023,Tone->Tone,FM,5.00,,50W,,,,,
88,Lighthouse,443.225000,+,5.000000,Tone,156.7,156.7,023,NN,023,Tone->Tone,FM,5.00,,50W,,,,,
89,Quarry,443.375000,+,5.000000,Tone,162.2,162.2,023,NN,023,Tone->Tone,FM,5.00,,50W,,,,,
90,Meadow,443.450000,+,5.000000,Tone,167.9,167.9,023,NN,023,Tone->Tone,FM,5.00,,50W,,,,,
91,Orchard,443.525000,+,5.000000,Tone,100.0,100.0,023,NN,023,Tone->Tone,FM,5.00,,50W,,,,,
92,Fairview,443.600000,+,5.000000,Tone,103.5,103.5,023,NN,023,Tone->Tone,FM,5.00,,50W,,,,,
93,Clearlake,443.750000,+,5.000000,Tone,107.2,107.2,023,NN,023,Tone->Tone,FM,5.00,,50W,,,,,
94,Sunset,443.825000,+,5.000000,Tone,110.9,110.9,023,NN,023,Tone->Tone,FM,5.00,,50W,,,,,
95,Bluff,443.900000,+,5.000000,Tone,114.8,114.8,023,NN,023,Tone->Tone,FM,5.00,,50W,,,,,
96,Harborview,443.975000,+,5.000000,Tone,118.8,118.8,023,NN,023,Tone->Tone,FM,5.00,,50W,,,,,
97,Junction,444.125000,+,5.000000,Tone,123.0,123.0,023,NN,023,Tone->Tone,FM,5.00,,50W,,,,,
98,Mill Creek,444.200000,+,5.000000,Tone,127.3,127.3,023,NN,023,Tone->Tone,FM,5.00,,50W,,,,,
99,Stonebridge,444.275000,+,5.000000,Tone,131.8,131.8,023,NN,023,Tone->Tone,FM,5.00,,50W,,,,,
